{
  "id": "9AB16BB5-AF93-4242-8674-918A56637452",
  "name": "V",
  "category": "GROSSBUCHSTABEN",
  "illustrations": [
    "Vase",
    "Vogel"
  ],
  "className": "orange",
  "unlockCondition": "",
  "lineWidth": 53,
  "_lastChange": 1382514613668,
  "paths": [
    [
      {
        "x": 29.58843085106382,
        "y": 78.49069148936171,
        "isAnchor": true
      },
      {
        "x": 73.54321808510637,
        "y": 178.9587765957447
      },
      {
        "x": 177.15093085106383,
        "y": 510.71276595744683,
        "isAnchor": true
      },
      {
        "x": 337.27194148936167,
        "y": 79.5372340425532,
        "isAnchor": true
      }
    ]
  ]
}