{
  "id": "FE7A0409-5565-4C8F-9D59-05795844666E",
  "name": "x",
  "category": "kleinbuchstaben",
  "className": "violet",
  "_lastChange": 1374603936256,
  "illustrations": [
    "Hexe",
    "Taxi"
  ],
  "unlockCondition": "",
  "lineWidth": 43,
  "paths": [
    [
      {
        "x": 39.26055194805195,
        "y": 275.9610389610389,
        "isAnchor": true
      },
      {
        "x": 123.58198051948051,
        "y": 412.0251623376623
      },
      {
        "x": 197.04383116883113,
        "y": 506.5673701298701,
        "isAnchor": true
      }
    ],
    [
      {
        "x": 179.1574675324675,
        "y": 280.43262987012986,
        "isAnchor": true
      },
      {
        "x": 26.484577922077925,
        "y": 504.650974025974,
        "isAnchor": true
      }
    ]
  ]
}