{
  "id": "E3111A7E-7874-44DA-93EB-AD8C6875B103",
  "name": "A",
  "category": "GROSSBUCHSTABEN",
  "illustrations": [
    "Affe",
    "Ameise",
    "Apfel"
  ],
  "className": "orange",
  "unlockCondition": "",
  "lineWidth": 44,
  "_lastChange": 1382513236147,
  "paths": [
    [
      {
        "x": 25.15827922077924,
        "y": 512.3165584415584,
        "isAnchor": true
      },
      {
        "x": 151.6404220779221,
        "y": 72.18425324675324,
        "isAnchor": true
      },
      {
        "x": 302.3969155844156,
        "y": 504.650974025974,
        "isAnchor": true
      }
    ],
    [
      {
        "x": 62.84740259740261,
        "y": 354.5332792207792,
        "isAnchor": true
      },
      {
        "x": 269.1793831168831,
        "y": 346.2288961038961,
        "isAnchor": true
      }
    ]
  ]
}