{
  "id": "7BA9FC50-C3C0-4053-81C2-2DD769531231",
  "name": "4",
  "category": "zahlen",
  "className": "",
  "_lastChange": 1374603936256,
  "illustrations": [],
  "unlockCondition": "",
  "lineWidth": 56,
  "paths": [
    [
      {
        "x": 167.88364361702128,
        "y": 113.02659574468085,
        "isAnchor": true
      },
      {
        "x": 38.112367021276604,
        "y": 347.4521276595745
      },
      {
        "x": 280.91023936170217,
        "y": 339.07978723404256,
        "isAnchor": true
      }
    ],
    [
      {
        "x": 189.86103723404256,
        "y": 258.4960106382979,
        "isAnchor": true
      },
      {
        "x": 176.2559840425532,
        "y": 512.8058510638298,
        "isAnchor": true
      }
    ]
  ]
}